seed,intercept_rate,gamma,warmup,config
0,0.5510204081632653,0,0,reproduction
1,0.4139715394566624,0,0,reproduction
2,0.4700122399020808,0,0,reproduction
3,0.3594132029339853,0,0,reproduction
4,0.35516372795969775,0,0,reproduction
5,0.5322966507177034,0,0,reproduction
6,0.630012936610608,0,0,reproduction
7,0.6248462484624846,0,0,reproduction
8,0.6621983914209115,0,0,reproduction
9,0.23057953144266338,0,0,reproduction
10,0.596100278551532,0,0,reproduction
11,0.8104138851802403,0,0,reproduction
12,0.4019607843137255,0,0,reproduction
13,0.7988826815642458,0,0,reproduction
14,0.46272493573264784,0,0,reproduction
15,0.510718789407314,0,0,reproduction
16,0.6134453781512605,0,0,reproduction
17,0.45121951219512196,0,0,reproduction
18,0.43103448275862066,0,0,reproduction
19,0.4349442379182156,0,0,reproduction
20,0.5496277915632755,0,0,reproduction
21,0.3015267175572519,0,0,reproduction
22,0.6276849642004774,0,0,reproduction
23,0.6379310344827587,0,0,reproduction
24,0.5375,0,0,reproduction
25,0.6187050359712231,0,0,reproduction
26,0.5960099750623441,0,0,reproduction
27,0.46523388116308473,0,0,reproduction
28,0.4405940594059406,0,0,reproduction
29,0.5420918367346939,0,0,reproduction
0,0.6262755102040817,0,50,reproduction
1,0.4721862871927555,0,50,reproduction
2,0.4430844553243574,0,50,reproduction
3,0.5244498777506112,0,50,reproduction
4,0.7317380352644837,0,50,reproduction
5,0.47129186602870815,0,50,reproduction
6,0.39327296248382926,0,50,reproduction
7,0.48954489544895446,0,50,reproduction
8,0.42091152815013405,0,50,reproduction
9,0.5782983970406905,0,50,reproduction
10,0.775766016713092,0,50,reproduction
11,0.7970627503337784,0,50,reproduction
12,0.44730392156862747,0,50,reproduction
13,0.6312849162011173,0,50,reproduction
14,0.5886889460154242,0,50,reproduction
15,0.5460277427490542,0,50,reproduction
16,0.7773109243697479,0,50,reproduction
17,0.39634146341463417,0,50,reproduction
18,0.583743842364532,0,50,reproduction
19,0.6369268897149938,0,50,reproduction
20,0.43796526054590573,0,50,reproduction
21,0.6374045801526718,0,50,reproduction
22,0.6276849642004774,0,50,reproduction
23,0.6268472906403941,0,50,reproduction
24,0.6569444444444444,0,50,reproduction
25,0.526378896882494,0,50,reproduction
26,0.3341645885286783,0,50,reproduction
27,0.4892541087231353,0,50,reproduction
28,0.4443069306930693,0,50,reproduction
29,0.6058673469387755,0,50,reproduction
0,0.5510204081632653,5,0,reproduction
1,0.7839586028460543,5,0,reproduction
2,0.7392900856793145,5,0,reproduction
3,0.7762836185819071,5,0,reproduction
4,0.7670025188916877,5,0,reproduction
5,0.7787081339712919,5,0,reproduction
6,0.7736093143596378,5,0,reproduction
7,0.7589175891758918,5,0,reproduction
8,0.7949061662198391,5,0,reproduction
9,0.2281134401972873,5,0,reproduction
10,0.7841225626740947,5,0,reproduction
11,0.8104138851802403,5,0,reproduction
12,0.7794117647058824,5,0,reproduction
13,0.8044692737430168,5,0,reproduction
14,0.7544987146529563,5,0,reproduction
15,0.7667087011349306,5,0,reproduction
16,0.7899159663865546,5,0,reproduction
17,0.7878048780487805,5,0,reproduction
18,0.7376847290640394,5,0,reproduction
19,0.7856257744733581,5,0,reproduction
20,0.5669975186104218,5,0,reproduction
21,0.7582697201017812,5,0,reproduction
22,0.5632458233890215,5,0,reproduction
23,0.7758620689655172,5,0,reproduction
24,0.7680555555555556,5,0,reproduction
25,0.7661870503597122,5,0,reproduction
26,0.756857855361596,5,0,reproduction
27,0.8078381795195955,5,0,reproduction
28,0.7747524752475248,5,0,reproduction
29,0.5420918367346939,5,0,reproduction
0,0.7806122448979592,5,50,reproduction
1,0.7943078913324709,5,50,reproduction
2,0.7368421052631579,5,50,reproduction
3,0.7811735941320294,5,50,reproduction
4,0.7670025188916877,5,50,reproduction
5,0.7739234449760766,5,50,reproduction
6,0.7529107373868047,5,50,reproduction
7,0.7429274292742928,5,50,reproduction
8,0.7654155495978552,5,50,reproduction
9,0.7854500616522812,5,50,reproduction
10,0.7813370473537604,5,50,reproduction
11,0.8037383177570093,5,50,reproduction
12,0.7757352941176471,5,50,reproduction
13,0.8002793296089385,5,50,reproduction
14,0.7416452442159382,5,50,reproduction
15,0.7528373266078184,5,50,reproduction
16,0.7857142857142857,5,50,reproduction
17,0.7890243902439025,5,50,reproduction
18,0.7192118226600985,5,50,reproduction
19,0.7633209417596035,5,50,reproduction
20,0.7543424317617866,5,50,reproduction
21,0.7480916030534351,5,50,reproduction
22,0.7780429594272077,5,50,reproduction
23,0.7426108374384236,5,50,reproduction
24,0.7638888888888888,5,50,reproduction
25,0.7553956834532374,5,50,reproduction
26,0.7655860349127181,5,50,reproduction
27,0.7951959544879899,5,50,reproduction
28,0.7685643564356436,5,50,reproduction
29,0.7563775510204082,5,50,reproduction
