scenario,seed,pct_correct
background,0,0.491575
background,1,0.394525
background,2,0.381925
background,3,0.419225
background,4,0.321825
background,5,0.38985
background,6,0.39205
background,7,0.3741
background,8,0.383425
background,9,0.393175
background,10,0.4855
background,11,0.342925
background,12,0.37725
background,13,0.354075
background,14,0.506575
background,15,0.3927
background,16,0.3729
background,17,0.3954
background,18,0.411025
background,19,0.404375
background,20,0.38735
background,21,0.479025
background,22,0.431325
background,23,0.4104
background,24,0.370225
background,25,0.378875
background,26,0.414425
background,27,0.437
background,28,0.420925
background,29,0.39915
periodic,0,0.476075
periodic,1,0.3518
periodic,2,0.43615
periodic,3,0.38025
periodic,4,0.342
periodic,5,0.381575
periodic,6,0.411675
periodic,7,0.408475
periodic,8,0.39325
periodic,9,0.4307
periodic,10,0.410825
periodic,11,0.372175
periodic,12,0.3761
periodic,13,0.359425
periodic,14,0.404975
periodic,15,0.407525
periodic,16,0.4119
periodic,17,0.55025
periodic,18,0.41195
periodic,19,0.39735
periodic,20,0.3771
periodic,21,0.393675
periodic,22,0.429225
periodic,23,0.407975
periodic,24,0.390675
periodic,25,0.381175
periodic,26,0.42965
periodic,27,0.3952
periodic,28,0.39565
periodic,29,0.389675
freq_agile,0,0.44445
freq_agile,1,0.46055
freq_agile,2,0.520525
freq_agile,3,0.5258
freq_agile,4,0.517875
freq_agile,5,0.4682
freq_agile,6,0.4748
freq_agile,7,0.49785
freq_agile,8,0.484175
freq_agile,9,0.455675
freq_agile,10,0.459175
freq_agile,11,0.547275
freq_agile,12,0.449825
freq_agile,13,0.502575
freq_agile,14,0.470325
freq_agile,15,0.451325
freq_agile,16,0.481475
freq_agile,17,0.494525
freq_agile,18,0.47735
freq_agile,19,0.41815
freq_agile,20,0.4366
freq_agile,21,0.515875
freq_agile,22,0.47835
freq_agile,23,0.5004
freq_agile,24,0.430925
freq_agile,25,0.442375
freq_agile,26,0.531525
freq_agile,27,0.473625
freq_agile,28,0.445875
freq_agile,29,0.4447
