config,mean_dwell,hop_set_size,seed,wiql_rate,rr_rate
1x_4bands,10,4,0,0.3651535380507343,0.3011515353805073
1x_4bands,10,4,1,0.356484274019819,0.24859974149073674
1x_4bands,10,4,2,0.44878253568429893,0.3428211586901763
1x_4bands,10,4,3,0.4003930008421447,0.32544212594741273
1x_4bands,10,4,4,0.4557308891618634,0.37267315506000187
1x_4bands,10,4,5,0.40319701395650764,0.3198636806231743
1x_4bands,10,4,6,0.3795367157460377,0.2820969708337241
1x_4bands,10,4,7,0.4027720485108489,0.34312350466133157
1x_4bands,10,4,8,0.4797843665768194,0.32431962438048867
1x_4bands,10,4,9,0.4614649404813624,0.32557129203232255
1x_4bands,10,4,10,0.373046875,0.315625
1x_4bands,10,4,11,0.39138318079778966,0.30322914867898465
1x_4bands,10,4,12,0.5091061141051849,0.3307935328005947
1x_4bands,10,4,13,0.3387246700130136,0.2833240379252649
1x_4bands,10,4,14,0.42688198352499795,0.3326808580050567
1x_4bands,10,4,15,0.35120350109409193,0.26645345901363404
1x_4bands,10,4,16,0.42418426103646834,0.3144762097181533
1x_4bands,10,4,17,0.45333695062398266,0.3549466449629228
1x_4bands,10,4,18,0.4743221035332785,0.3625718981101068
1x_4bands,10,4,19,0.4337617161078365,0.32689148710020294
1x_4bands,10,4,20,0.28087487283825024,0.20142421159715157
1x_4bands,10,4,21,0.420362682980118,0.31439807734323794
1x_4bands,10,4,22,0.41886897061541306,0.3371835150619109
1x_4bands,10,4,23,0.38985579313774243,0.33872037129123156
1x_4bands,10,4,24,0.436513017498933,0.32106274007682456
1x_4bands,10,4,25,0.4870558125799783,0.31853528890638844
1x_4bands,10,4,26,0.38196407404030275,0.33464028448983313
1x_4bands,10,4,27,0.3851707317073171,0.29717073170731706
1x_4bands,10,4,28,0.45124160716188855,0.2890333582010018
1x_4bands,10,4,29,0.47061713836477986,0.35318396226415094
2x_4bands,5,4,0,0.3455020655931203,0.2997217772531827
2x_4bands,5,4,1,0.34154295031322407,0.2552990646185532
2x_4bands,5,4,2,0.4138019717102443,0.3429918559794256
2x_4bands,5,4,3,0.36869679109364767,0.3240714753484891
2x_4bands,5,4,4,0.4171702637889688,0.3713189448441247
2x_4bands,5,4,5,0.4461287693561532,0.3203748981255094
2x_4bands,5,4,6,0.35963988123742935,0.2827315391246049
2x_4bands,5,4,7,0.405070608638203,0.3403253778181518
2x_4bands,5,4,8,0.34582207894048966,0.3172431820162063
2x_4bands,5,4,9,0.43304423243712054,0.3313096270598439
2x_4bands,5,4,10,0.3730150998538724,0.3140769605455431
2x_4bands,5,4,11,0.37278923302562333,0.2960055215253214
2x_4bands,5,4,12,0.4241580851655998,0.3338899712403748
2x_4bands,5,4,13,0.33617424242424243,0.2722537878787879
2x_4bands,5,4,14,0.427145545283482,0.3230794403992473
2x_4bands,5,4,15,0.3182897862232779,0.2662877502544961
2x_4bands,5,4,16,0.3809376609994848,0.31427099433281813
2x_4bands,5,4,17,0.4542161036138031,0.3656371705461462
2x_4bands,5,4,18,0.44923702950152594,0.3602238046795524
2x_4bands,5,4,19,0.46269234491435207,0.3259459982580083
2x_4bands,5,4,20,0.24671187833949856,0.19995889847924372
2x_4bands,5,4,21,0.43140121336159637,0.3150354506249543
2x_4bands,5,4,22,0.3545941948604178,0.33471991125901274
2x_4bands,5,4,23,0.4150112210123847,0.3419499625966254
2x_4bands,5,4,24,0.4622395833333333,0.3146701388888889
2x_4bands,5,4,25,0.43779342723004694,0.3189553990610329
2x_4bands,5,4,26,0.39152526993920694,0.32492514290899194
2x_4bands,5,4,27,0.34661668968238313,0.30203195896626556
2x_4bands,5,4,28,0.41798492408960614,0.2926000637010298
2x_4bands,5,4,29,0.44699196551048404,0.34989222026259065
4x_4bands,2,4,0,0.3654172320217096,0.301814789687924
4x_4bands,2,4,1,0.33088737201365187,0.2515358361774744
4x_4bands,2,4,2,0.41765661054610714,0.33441586189214595
4x_4bands,2,4,3,0.36828309305373524,0.32447107283280285
4x_4bands,2,4,4,0.4354500381388253,0.36899313501144165
4x_4bands,2,4,5,0.43120322394933797,0.31112755983222307
4x_4bands,2,4,6,0.3549967034002072,0.28934727324102855
4x_4bands,2,4,7,0.4944667595704566,0.34486433314206083
4x_4bands,2,4,8,0.4007445242836118,0.31642282053501863
4x_4bands,2,4,9,0.4050752688172043,0.3237849462365591
4x_4bands,2,4,10,0.45625854325327087,0.31341534856473346
4x_4bands,2,4,11,0.3644650842793258,0.29833161334709324
4x_4bands,2,4,12,0.45846867749419956,0.3337354988399072
4x_4bands,2,4,13,0.27665893271461717,0.27331786542923436
4x_4bands,2,4,14,0.38479751796211625,0.3256041802743305
4x_4bands,2,4,15,0.38798897122178183,0.265896949853524
4x_4bands,2,4,16,0.3872432655588812,0.3128289813190216
4x_4bands,2,4,17,0.3933734398850678,0.36024063931040673
4x_4bands,2,4,18,0.47111523015137474,0.370507671712491
4x_4bands,2,4,19,0.4480219888092667,0.3154019829194071
4x_4bands,2,4,20,0.2832525023217418,0.20854400990609845
4x_4bands,2,4,21,0.4155314343993589,0.31230421796459534
4x_4bands,2,4,22,0.39881062999442485,0.3401784055008363
4x_4bands,2,4,23,0.40235451281623114,0.3417383318026217
4x_4bands,2,4,24,0.4307382265591854,0.3214891811624947
4x_4bands,2,4,25,0.44801102796376524,0.3181370618353683
4x_4bands,2,4,26,0.37811812179016874,0.32281731474688186
4x_4bands,2,4,27,0.35977281629455543,0.2999412455934195
4x_4bands,2,4,28,0.3744535664783026,0.2872374453566478
4x_4bands,2,4,29,0.4688328261509767,0.3471090605673898
1x_6bands,10,6,0,0.4560527874122325,0.304288977243888
1x_6bands,10,6,1,0.35187842971718025,0.2509919797382862
1x_6bands,10,6,2,0.4310703152060963,0.3365950813993765
1x_6bands,10,6,3,0.41615700593336374,0.32396166134185306
1x_6bands,10,6,4,0.4425265553869499,0.3750948406676783
1x_6bands,10,6,5,0.42557493050290623,0.30932524639878695
1x_6bands,10,6,6,0.3869346733668342,0.2830820770519263
1x_6bands,10,6,7,0.3685400516795866,0.3414082687338501
1x_6bands,10,6,8,0.3514607532558958,0.3151179162266807
1x_6bands,10,6,9,0.39080172987358613,0.3258483033932136
1x_6bands,10,6,10,0.44276094276094274,0.3260051495345613
1x_6bands,10,6,11,0.3425015231961006,0.30150578814518236
1x_6bands,10,6,12,0.41512177390039984,0.32969829153035257
1x_6bands,10,6,13,0.359111361079865,0.2730596175478065
1x_6bands,10,6,14,0.4374628007822464,0.3251424198622566
1x_6bands,10,6,15,0.2828274564345905,0.2712100139082058
1x_6bands,10,6,16,0.4100070900435531,0.313379925048111
1x_6bands,10,6,17,0.4374606600125888,0.3639960435212661
1x_6bands,10,6,18,0.46839276990718126,0.36179775280898874
1x_6bands,10,6,19,0.3633233668569358,0.31793059708254057
1x_6bands,10,6,20,0.24283154121863798,0.19583831142970928
1x_6bands,10,6,21,0.41793767788075603,0.314821571918558
1x_6bands,10,6,22,0.4144754676063974,0.3365862474021867
1x_6bands,10,6,23,0.4700017803097739,0.3360334698237493
1x_6bands,10,6,24,0.42321822189566494,0.322871837934292
1x_6bands,10,6,25,0.4207661290322581,0.31693548387096776
1x_6bands,10,6,26,0.39276842395804584,0.3287330941208943
1x_6bands,10,6,27,0.3807506649591173,0.29189242439168556
1x_6bands,10,6,28,0.3988625388990235,0.2931645026290374
1x_6bands,10,6,29,0.48956950502560215,0.34648207851318036
2x_6bands,5,6,0,0.4037235399132874,0.3051092408399218
2x_6bands,5,6,1,0.3200873729311938,0.2519532890867848
2x_6bands,5,6,2,0.4455274734753731,0.3345984645907013
2x_6bands,5,6,3,0.37887204594670937,0.3256755484417663
2x_6bands,5,6,4,0.4289149672951135,0.3698537899191997
2x_6bands,5,6,5,0.42713815789473686,0.3123355263157895
2x_6bands,5,6,6,0.33377283857600304,0.28357506121680165
2x_6bands,5,6,7,0.38668498020521935,0.3474185990143007
2x_6bands,5,6,8,0.4240685149214197,0.31705809641532756
2x_6bands,5,6,9,0.39767634854771783,0.3272199170124481
2x_6bands,5,6,10,0.42008819206271436,0.3206271435570799
2x_6bands,5,6,11,0.35683629675045986,0.30139266006831916
2x_6bands,5,6,12,0.3809693196976434,0.3338372610048911
2x_6bands,5,6,13,0.30799350587336455,0.2693152516474071
2x_6bands,5,6,14,0.3699639979427396,0.32487570718326764
2x_6bands,5,6,15,0.34419109663409336,0.2665998496617389
2x_6bands,5,6,16,0.3727859117436265,0.3083853793385891
2x_6bands,5,6,17,0.37859214342209335,0.36268564900254857
2x_6bands,5,6,18,0.3775401069518717,0.36140009722897426
2x_6bands,5,6,19,0.42614632346157394,0.3182027862348925
2x_6bands,5,6,20,0.22115191651615493,0.1962673088500903
2x_6bands,5,6,21,0.43274768535394037,0.30917839177662754
2x_6bands,5,6,22,0.36071196810976175,0.33577454343190877
2x_6bands,5,6,23,0.4210388247639035,0.3358691850297307
2x_6bands,5,6,24,0.4060738885410144,0.3200793153830098
2x_6bands,5,6,25,0.3884,0.3159
2x_6bands,5,6,26,0.37455734132388996,0.32352674112412605
2x_6bands,5,6,27,0.35113680909447276,0.297922383379067
2x_6bands,5,6,28,0.357521186440678,0.2858050847457627
2x_6bands,5,6,29,0.4773081417997663,0.35323334631865994
4x_6bands,2,6,0,0.35204945799457993,0.307079945799458
4x_6bands,2,6,1,0.25934678031901426,0.25478943370748586
4x_6bands,2,6,2,0.3957020799171485,0.3334771726935359
4x_6bands,2,6,3,0.36033181097958805,0.3298536676297884
4x_6bands,2,6,4,0.39121718377088305,0.36935560859188543
4x_6bands,2,6,5,0.38155364160883015,0.3039551801990133
4x_6bands,2,6,6,0.3581018086891665,0.28137236621294054
4x_6bands,2,6,7,0.3800948629311038,0.34866146796366265
4x_6bands,2,6,8,0.39413276610830456,0.31844367632721793
4x_6bands,2,6,9,0.42232849604221634,0.32742414248021107
4x_6bands,2,6,10,0.4028103044496487,0.31781811085089773
4x_6bands,2,6,11,0.3304271246147072,0.3075297225891678
4x_6bands,2,6,12,0.4051957423777738,0.3368212159480426
4x_6bands,2,6,13,0.3140611843951726,0.2676583403498924
4x_6bands,2,6,14,0.39481095843645986,0.3234616369377827
4x_6bands,2,6,15,0.3480408573342264,0.2613027461486939
4x_6bands,2,6,16,0.3578298139243153,0.3160150533138198
4x_6bands,2,6,17,0.424405761244146,0.3573385172748962
4x_6bands,2,6,18,0.40578294422194,0.36446224479828077
4x_6bands,2,6,19,0.4233711178693208,0.31315086167173534
4x_6bands,2,6,20,0.2513972157301087,0.19804897876232092
4x_6bands,2,6,21,0.4063025517291804,0.3075966951816919
4x_6bands,2,6,22,0.38056605513045083,0.3364063796441412
4x_6bands,2,6,23,0.38091496420464466,0.33761131482451545
4x_6bands,2,6,24,0.41938828408501816,0.32016588906168997
4x_6bands,2,6,25,0.3889223964616003,0.31815440289505426
4x_6bands,2,6,26,0.3684210526315789,0.32202457362919495
4x_6bands,2,6,27,0.33083891295785745,0.2988381252461599
4x_6bands,2,6,28,0.3637137989778535,0.2829003407155026
4x_6bands,2,6,29,0.38587532517583584,0.3448309085653724
