snr_threshold_db,pd_mean,pd_ci_lo,pd_ci_hi,pd_worst,N
-5,0.9922,0.9922,0.9922,0.9922,1
-3,0.9896,0.9896,0.9896,0.9896,1
-1,0.9688,0.9688,0.9688,0.9688,1
1,0.9506,0.9506,0.9506,0.9506,1
3,0.9247,0.9247,0.9247,0.9247,1
5,0.8935,0.8935,0.8935,0.8935,1
7,0.839,0.839,0.839,0.839,1
9,0.7818,0.7818,0.7818,0.7818,1
11,0.7377,0.7377,0.7377,0.7377,1
13,0.6701,0.6701,0.6701,0.6701,1
15,0.574,0.574,0.574,0.574,1
17,0.4727,0.4727,0.4727,0.4727,1
19,0.3714,0.3714,0.3714,0.3714,1
21,0.2545,0.2545,0.2545,0.2545,1
