seed,intercept_rate,gamma,warmup,n_bands,k
0,0.4797066014669927,5,50,8,3
1,0.45531657073614057,5,50,8,3
2,0.6076968973747017,5,50,8,3
3,0.8277385159010601,5,50,8,3
4,0.5818551117129316,5,50,8,3
5,0.7387651686891585,5,50,8,3
6,0.7589421935921342,5,50,8,3
7,0.7018927444794952,5,50,8,3
8,0.8360847333820307,5,50,8,3
9,0.6938373048479869,5,50,8,3
10,0.7717001714196665,5,50,8,3
11,0.8461685093404498,5,50,8,3
12,0.820779712339137,5,50,8,3
13,0.649624765478424,5,50,8,3
14,0.8461739699149771,5,50,8,3
15,0.7709796672828096,5,50,8,3
16,0.5643318430203677,5,50,8,3
17,0.6699526066350711,5,50,8,3
18,0.5589022757697456,5,50,8,3
19,0.5723579586525951,5,50,8,3
20,0.5756569012382966,5,50,8,3
21,0.8777061262091203,5,50,8,3
22,0.6609381603042682,5,50,8,3
23,0.7208164642375169,5,50,8,3
24,0.7435267435267435,5,50,8,3
25,0.9445764053840063,5,50,8,3
26,0.5928623452294246,5,50,8,3
27,0.7384898710865562,5,50,8,3
28,0.7402457426169433,5,50,8,3
29,0.9194615021256495,5,50,8,3
