seed,intercept_rate,warmup
0,0.2932098765432099,0
1,0.3395225464190981,0
2,0.6650671785028791,0
3,0.8121546961325967,0
4,0.5415670277113518,0
5,0.6105610561056105,0
6,0.6031477407344729,0
7,0.6755437813720022,0
8,0.8972418432559705,0
9,0.477326968973747,0
10,0.760445205479452,0
11,0.5533055390113163,0
12,0.7447006322052808,0
13,0.21944074567243674,0
14,0.5349655475736695,0
15,0.7585498037749954,0
16,0.8114998643883916,0
17,0.9007458405048766,0
18,0.5225332068311196,0
19,0.5611077664057796,0
20,0.40242305173542897,0
21,0.43706061811911395,0
22,0.694000602954477,0
23,0.7135298563869993,0
24,0.5637462235649546,0
25,0.9536836403033586,0
26,0.7059880239520958,0
27,0.8147937411095306,0
28,0.7920997920997921,0
29,0.9331306990881459,0
